%time,field.header.seq,field.header.stamp,field.header.frame_id,field.rssi
1783583646162964621,1427,1783583646162964621,,255
1783583646162964621,1427,1783583646162964621,,255
1783583646162964621,1427,1783583646162964621,,255
1783583646162964621,1427,1783583646162964621,,255
1783583646162964621,1427,1783583646162964621,,255
1783583646162964621,1427,1783583646162964621,,255
1783583646162964621,1427,1783583646162964621,,255
1783583646162964621,1427,1783583646162964621,,255
1783583646162964621,1427,1783583646162964621,,255
1783583646162964621,1427,1783583646162964621,,255
1783583646663265304,1428,1783583646663265304,,255
1783583646663265304,1428,1783583646663265304,,255
1783583646663265304,1428,1783583646663265304,,255
1783583646663265304,1428,1783583646663265304,,255
1783583646663265304,1428,1783583646663265304,,255
1783583646663265304,1428,1783583646663265304,,255
1783583646663265304,1428,1783583646663265304,,255
1783583646663265304,1428,1783583646663265304,,255
1783583646663265304,1428,1783583646663265304,,255
1783583646663265304,1428,1783583646663265304,,255
1783583647163042013,1429,1783583647163042013,,255
1783583647163042013,1429,1783583647163042013,,255
1783583647163042013,1429,1783583647163042013,,255
1783583647163042013,1429,1783583647163042013,,255
1783583647163042013,1429,1783583647163042013,,255
1783583647163042013,1429,1783583647163042013,,255
1783583647163042013,1429,1783583647163042013,,255
1783583647163042013,1429,1783583647163042013,,255
1783583647163042013,1429,1783583647163042013,,255
1783583647163042013,1429,1783583647163042013,,255
1783583647663313058,1430,1783583647663313058,,255
1783583647663313058,1430,1783583647663313058,,255
1783583647663313058,1430,1783583647663313058,,255
1783583647663313058,1430,1783583647663313058,,255
1783583647663313058,1430,1783583647663313058,,255
1783583647663313058,1430,1783583647663313058,,255
1783583647663313058,1430,1783583647663313058,,255
1783583647663313058,1430,1783583647663313058,,255
1783583647663313058,1430,1783583647663313058,,255
1783583647663313058,1430,1783583647663313058,,255
1783583648163196988,1431,1783583648163196988,,255
1783583648163196988,1431,1783583648163196988,,255
1783583648163196988,1431,1783583648163196988,,255
1783583648163196988,1431,1783583648163196988,,255
1783583648163196988,1431,1783583648163196988,,255
1783583648163196988,1431,1783583648163196988,,255
1783583648163196988,1431,1783583648163196988,,255
1783583648163196988,1431,1783583648163196988,,255
1783583648163196988,1431,1783583648163196988,,255
1783583648163196988,1431,1783583648163196988,,255
1783583648663092510,1432,1783583648663092510,,255
1783583648663092510,1432,1783583648663092510,,255
1783583648663092510,1432,1783583648663092510,,255
1783583648663092510,1432,1783583648663092510,,255
1783583648663092510,1432,1783583648663092510,,255
1783583648663092510,1432,1783583648663092510,,255
1783583648663092510,1432,1783583648663092510,,255
1783583648663092510,1432,1783583648663092510,,255
1783583648663092510,1432,1783583648663092510,,255
1783583648663092510,1432,1783583648663092510,,255
1783583649163079988,1433,1783583649163079988,,255
1783583649163079988,1433,1783583649163079988,,255
1783583649163079988,1433,1783583649163079988,,255
1783583649163079988,1433,1783583649163079988,,255
1783583649163079988,1433,1783583649163079988,,255
1783583649163079988,1433,1783583649163079988,,255
1783583649163079988,1433,1783583649163079988,,255
1783583649163079988,1433,1783583649163079988,,255
1783583649163079988,1433,1783583649163079988,,255
1783583649163079988,1433,1783583649163079988,,255
1783583649663175145,1434,1783583649663175145,,255
1783583649663175145,1434,1783583649663175145,,255
1783583649663175145,1434,1783583649663175145,,255
1783583649663175145,1434,1783583649663175145,,255
1783583649663175145,1434,1783583649663175145,,255
1783583649663175145,1434,1783583649663175145,,255
1783583649663175145,1434,1783583649663175145,,255
1783583649663175145,1434,1783583649663175145,,255
1783583649663175145,1434,1783583649663175145,,255
1783583649663175145,1434,1783583649663175145,,255
1783583650163087903,1435,1783583650163087903,,255
1783583650163087903,1435,1783583650163087903,,255
1783583650163087903,1435,1783583650163087903,,255
1783583650163087903,1435,1783583650163087903,,255
1783583650163087903,1435,1783583650163087903,,255
1783583650163087903,1435,1783583650163087903,,255
1783583650163087903,1435,1783583650163087903,,255
1783583650163087903,1435,1783583650163087903,,255
1783583650163087903,1435,1783583650163087903,,255
1783583650163087903,1435,1783583650163087903,,255
1783583650663224872,1436,1783583650663224872,,255
1783583650663224872,1436,1783583650663224872,,255
1783583650663224872,1436,1783583650663224872,,255
1783583650663224872,1436,1783583650663224872,,255
1783583650663224872,1436,1783583650663224872,,255
1783583650663224872,1436,1783583650663224872,,255
1783583650663224872,1436,1783583650663224872,,255
1783583650663224872,1436,1783583650663224872,,255
1783583650663224872,1436,1783583650663224872,,255
1783583650663224872,1436,1783583650663224872,,255
1783583651162937878,1437,1783583651162937878,,255
1783583651162937878,1437,1783583651162937878,,255
1783583651162937878,1437,1783583651162937878,,255
1783583651162937878,1437,1783583651162937878,,255
1783583651162937878,1437,1783583651162937878,,255
1783583651162937878,1437,1783583651162937878,,255
1783583651162937878,1437,1783583651162937878,,255
1783583651162937878,1437,1783583651162937878,,255
1783583651162937878,1437,1783583651162937878,,255
1783583651162937878,1437,1783583651162937878,,255
1783583651663903483,1438,1783583651663903483,,255
1783583651663903483,1438,1783583651663903483,,255
1783583651663903483,1438,1783583651663903483,,255
1783583651663903483,1438,1783583651663903483,,255
1783583651663903483,1438,1783583651663903483,,255
1783583651663903483,1438,1783583651663903483,,255
1783583651663903483,1438,1783583651663903483,,255
1783583651663903483,1438,1783583651663903483,,255
1783583651663903483,1438,1783583651663903483,,255
1783583651663903483,1438,1783583651663903483,,255
1783583652163816623,1439,1783583652163816623,,255
1783583652163816623,1439,1783583652163816623,,255
1783583652163816623,1439,1783583652163816623,,255
1783583652163816623,1439,1783583652163816623,,255
1783583652163816623,1439,1783583652163816623,,255
1783583652163816623,1439,1783583652163816623,,255
1783583652163816623,1439,1783583652163816623,,255
1783583652163816623,1439,1783583652163816623,,255
1783583652163816623,1439,1783583652163816623,,255
1783583652163816623,1439,1783583652163816623,,255
1783583652663880921,1440,1783583652663880921,,255
1783583652663880921,1440,1783583652663880921,,255
1783583652663880921,1440,1783583652663880921,,255
1783583652663880921,1440,1783583652663880921,,255
1783583652663880921,1440,1783583652663880921,,255
1783583652663880921,1440,1783583652663880921,,255
1783583652663880921,1440,1783583652663880921,,255
1783583652663880921,1440,1783583652663880921,,255
1783583652663880921,1440,1783583652663880921,,255
1783583652663880921,1440,1783583652663880921,,255
1783583653163588738,1441,1783583653163588738,,255
1783583653163588738,1441,1783583653163588738,,255
1783583653163588738,1441,1783583653163588738,,255
1783583653163588738,1441,1783583653163588738,,255
1783583653163588738,1441,1783583653163588738,,255
1783583653163588738,1441,1783583653163588738,,255
1783583653163588738,1441,1783583653163588738,,255
1783583653163588738,1441,1783583653163588738,,255
1783583653163588738,1441,1783583653163588738,,255
1783583653163588738,1441,1783583653163588738,,255
1783583653663946576,1442,1783583653663946576,,255
1783583653663946576,1442,1783583653663946576,,255
1783583653663946576,1442,1783583653663946576,,255
1783583653663946576,1442,1783583653663946576,,255
1783583653663946576,1442,1783583653663946576,,255
1783583653663946576,1442,1783583653663946576,,255
1783583653663946576,1442,1783583653663946576,,255
1783583653663946576,1442,1783583653663946576,,255
1783583653663946576,1442,1783583653663946576,,255
1783583653663946576,1442,1783583653663946576,,255
1783583654163897343,1443,1783583654163897343,,255
1783583654163897343,1443,1783583654163897343,,255
1783583654163897343,1443,1783583654163897343,,255
1783583654163897343,1443,1783583654163897343,,255
1783583654163897343,1443,1783583654163897343,,255
1783583654163897343,1443,1783583654163897343,,255
1783583654163897343,1443,1783583654163897343,,255
1783583654163897343,1443,1783583654163897343,,255
1783583654163897343,1443,1783583654163897343,,255
1783583654163897343,1443,1783583654163897343,,255
1783583654663952134,1444,1783583654663952134,,255
1783583654663952134,1444,1783583654663952134,,255
1783583654663952134,1444,1783583654663952134,,255
1783583654663952134,1444,1783583654663952134,,255
1783583654663952134,1444,1783583654663952134,,255
1783583654663952134,1444,1783583654663952134,,255
1783583654663952134,1444,1783583654663952134,,255
1783583654663952134,1444,1783583654663952134,,255
1783583654663952134,1444,1783583654663952134,,255
1783583654663952134,1444,1783583654663952134,,255
1783583655163757827,1445,1783583655163757827,,255
1783583655163757827,1445,1783583655163757827,,255
1783583655163757827,1445,1783583655163757827,,255
1783583655163757827,1445,1783583655163757827,,255
1783583655163757827,1445,1783583655163757827,,255
1783583655163757827,1445,1783583655163757827,,255
1783583655163757827,1445,1783583655163757827,,255
1783583655163757827,1445,1783583655163757827,,255
1783583655163757827,1445,1783583655163757827,,255
1783583655163757827,1445,1783583655163757827,,255
1783583655664038894,1446,1783583655664038894,,255
1783583655664038894,1446,1783583655664038894,,255
1783583655664038894,1446,1783583655664038894,,255
1783583655664038894,1446,1783583655664038894,,255
1783583655664038894,1446,1783583655664038894,,255
1783583655664038894,1446,1783583655664038894,,255
1783583655664038894,1446,1783583655664038894,,255
1783583655664038894,1446,1783583655664038894,,255
1783583655664038894,1446,1783583655664038894,,255
1783583655664038894,1446,1783583655664038894,,255
1783583656163862534,1447,1783583656163862534,,255
1783583656163862534,1447,1783583656163862534,,255
1783583656163862534,1447,1783583656163862534,,255
1783583656163862534,1447,1783583656163862534,,255
1783583656163862534,1447,1783583656163862534,,255
1783583656163862534,1447,1783583656163862534,,255
1783583656163862534,1447,1783583656163862534,,255
1783583656163862534,1447,1783583656163862534,,255
1783583656163862534,1447,1783583656163862534,,255
1783583656163862534,1447,1783583656163862534,,255
1783583656664009301,1448,1783583656664009301,,255
1783583656664009301,1448,1783583656664009301,,255
1783583656664009301,1448,1783583656664009301,,255
1783583656664009301,1448,1783583656664009301,,255
1783583656664009301,1448,1783583656664009301,,255
1783583656664009301,1448,1783583656664009301,,255
1783583656664009301,1448,1783583656664009301,,255
1783583656664009301,1448,1783583656664009301,,255
1783583656664009301,1448,1783583656664009301,,255
1783583656664009301,1448,1783583656664009301,,255
1783583657163772127,1449,1783583657163772127,,255
1783583657163772127,1449,1783583657163772127,,255
1783583657163772127,1449,1783583657163772127,,255
1783583657163772127,1449,1783583657163772127,,255
1783583657163772127,1449,1783583657163772127,,255
1783583657163772127,1449,1783583657163772127,,255
1783583657163772127,1449,1783583657163772127,,255
1783583657163772127,1449,1783583657163772127,,255
1783583657163772127,1449,1783583657163772127,,255
1783583657163772127,1449,1783583657163772127,,255
1783583657663960136,1450,1783583657663960136,,255
1783583657663960136,1450,1783583657663960136,,255
1783583657663960136,1450,1783583657663960136,,255
1783583657663960136,1450,1783583657663960136,,255
1783583657663960136,1450,1783583657663960136,,255
1783583657663960136,1450,1783583657663960136,,255
1783583657663960136,1450,1783583657663960136,,255
1783583657663960136,1450,1783583657663960136,,255
1783583657663960136,1450,1783583657663960136,,255
1783583657663960136,1450,1783583657663960136,,255
1783583658163729385,1451,1783583658163729385,,255
1783583658163729385,1451,1783583658163729385,,255
1783583658163729385,1451,1783583658163729385,,255
1783583658163729385,1451,1783583658163729385,,255
1783583658163729385,1451,1783583658163729385,,255
1783583658163729385,1451,1783583658163729385,,255
1783583658163729385,1451,1783583658163729385,,255
1783583658163729385,1451,1783583658163729385,,255
1783583658163729385,1451,1783583658163729385,,255
1783583658163729385,1451,1783583658163729385,,255
1783583658663783185,1452,1783583658663783185,,255
1783583658663783185,1452,1783583658663783185,,255
1783583658663783185,1452,1783583658663783185,,255
1783583658663783185,1452,1783583658663783185,,255
1783583658663783185,1452,1783583658663783185,,255
1783583658663783185,1452,1783583658663783185,,255
1783583658663783185,1452,1783583658663783185,,255
1783583658663783185,1452,1783583658663783185,,255
1783583658663783185,1452,1783583658663783185,,255
1783583658663783185,1452,1783583658663783185,,255
1783583659163707889,1453,1783583659163707889,,255
1783583659163707889,1453,1783583659163707889,,255
1783583659163707889,1453,1783583659163707889,,255
1783583659163707889,1453,1783583659163707889,,255
1783583659163707889,1453,1783583659163707889,,255
1783583659163707889,1453,1783583659163707889,,255
1783583659163707889,1453,1783583659163707889,,255
1783583659163707889,1453,1783583659163707889,,255
1783583659163707889,1453,1783583659163707889,,255
1783583659163707889,1453,1783583659163707889,,255
1783583659663721025,1454,1783583659663721025,,255
1783583659663721025,1454,1783583659663721025,,255
1783583659663721025,1454,1783583659663721025,,255
1783583659663721025,1454,1783583659663721025,,255
1783583659663721025,1454,1783583659663721025,,255
1783583659663721025,1454,1783583659663721025,,255
1783583659663721025,1454,1783583659663721025,,255
1783583659663721025,1454,1783583659663721025,,255
1783583659663721025,1454,1783583659663721025,,255
1783583659663721025,1454,1783583659663721025,,255
1783583660163714629,1455,1783583660163714629,,255
1783583660163714629,1455,1783583660163714629,,255
1783583660163714629,1455,1783583660163714629,,255
1783583660163714629,1455,1783583660163714629,,255
1783583660163714629,1455,1783583660163714629,,255
1783583660163714629,1455,1783583660163714629,,255
1783583660163714629,1455,1783583660163714629,,255
1783583660163714629,1455,1783583660163714629,,255
1783583660163714629,1455,1783583660163714629,,255
1783583660163714629,1455,1783583660163714629,,255
1783583660663691795,1456,1783583660663691795,,255
1783583660663691795,1456,1783583660663691795,,255
1783583660663691795,1456,1783583660663691795,,255
1783583660663691795,1456,1783583660663691795,,255
1783583660663691795,1456,1783583660663691795,,255
1783583660663691795,1456,1783583660663691795,,255
1783583660663691795,1456,1783583660663691795,,255
1783583660663691795,1456,1783583660663691795,,255
1783583660663691795,1456,1783583660663691795,,255
1783583660663691795,1456,1783583660663691795,,255
1783583661163357880,1457,1783583661163357880,,255
1783583661163357880,1457,1783583661163357880,,255
1783583661163357880,1457,1783583661163357880,,255
1783583661163357880,1457,1783583661163357880,,255
1783583661163357880,1457,1783583661163357880,,255
1783583661163357880,1457,1783583661163357880,,255
1783583661163357880,1457,1783583661163357880,,255
1783583661163357880,1457,1783583661163357880,,255
1783583661163357880,1457,1783583661163357880,,255
1783583661163357880,1457,1783583661163357880,,255
1783583661663461605,1458,1783583661663461605,,255
1783583661663461605,1458,1783583661663461605,,255
1783583661663461605,1458,1783583661663461605,,255
1783583661663461605,1458,1783583661663461605,,255
1783583661663461605,1458,1783583661663461605,,255
1783583661663461605,1458,1783583661663461605,,255
1783583661663461605,1458,1783583661663461605,,255
1783583661663461605,1458,1783583661663461605,,255
1783583661663461605,1458,1783583661663461605,,255
1783583661663461605,1458,1783583661663461605,,255
1783583662163639440,1459,1783583662163639440,,255
1783583662163639440,1459,1783583662163639440,,255
1783583662163639440,1459,1783583662163639440,,255
1783583662163639440,1459,1783583662163639440,,255
1783583662163639440,1459,1783583662163639440,,255
1783583662163639440,1459,1783583662163639440,,255
1783583662163639440,1459,1783583662163639440,,255
1783583662163639440,1459,1783583662163639440,,255
1783583662163639440,1459,1783583662163639440,,255
1783583662163639440,1459,1783583662163639440,,255
1783583662663729886,1460,1783583662663729886,,255
1783583662663729886,1460,1783583662663729886,,255
1783583662663729886,1460,1783583662663729886,,255
1783583662663729886,1460,1783583662663729886,,255
1783583662663729886,1460,1783583662663729886,,255
1783583662663729886,1460,1783583662663729886,,255
1783583662663729886,1460,1783583662663729886,,255
1783583662663729886,1460,1783583662663729886,,255
1783583662663729886,1460,1783583662663729886,,255
1783583662663729886,1460,1783583662663729886,,255
1783583663163546786,1461,1783583663163546786,,255
1783583663163546786,1461,1783583663163546786,,255
1783583663163546786,1461,1783583663163546786,,255
1783583663163546786,1461,1783583663163546786,,255
1783583663163546786,1461,1783583663163546786,,255
1783583663163546786,1461,1783583663163546786,,255
1783583663163546786,1461,1783583663163546786,,255
1783583663163546786,1461,1783583663163546786,,255
1783583663163546786,1461,1783583663163546786,,255
1783583663163546786,1461,1783583663163546786,,255
1783583663663822597,1462,1783583663663822597,,255
1783583663663822597,1462,1783583663663822597,,255
1783583663663822597,1462,1783583663663822597,,255
1783583663663822597,1462,1783583663663822597,,255
1783583663663822597,1462,1783583663663822597,,255
1783583663663822597,1462,1783583663663822597,,255
1783583663663822597,1462,1783583663663822597,,255
1783583663663822597,1462,1783583663663822597,,255
1783583663663822597,1462,1783583663663822597,,255
1783583663663822597,1462,1783583663663822597,,255
1783583664163725735,1463,1783583664163725735,,255
1783583664163725735,1463,1783583664163725735,,255
1783583664163725735,1463,1783583664163725735,,255
1783583664163725735,1463,1783583664163725735,,255
1783583664163725735,1463,1783583664163725735,,255
1783583664163725735,1463,1783583664163725735,,255
1783583664163725735,1463,1783583664163725735,,255
1783583664163725735,1463,1783583664163725735,,255
1783583664163725735,1463,1783583664163725735,,255
1783583664163725735,1463,1783583664163725735,,255
1783583664663765131,1464,1783583664663765131,,255
1783583664663765131,1464,1783583664663765131,,255
1783583664663765131,1464,1783583664663765131,,255
1783583664663765131,1464,1783583664663765131,,255
1783583664663765131,1464,1783583664663765131,,255
1783583664663765131,1464,1783583664663765131,,255
1783583664663765131,1464,1783583664663765131,,255
1783583664663765131,1464,1783583664663765131,,255
1783583664663765131,1464,1783583664663765131,,255
1783583664663765131,1464,1783583664663765131,,255
1783583665163665402,1465,1783583665163665402,,255
1783583665163665402,1465,1783583665163665402,,255
1783583665163665402,1465,1783583665163665402,,255
1783583665163665402,1465,1783583665163665402,,255
1783583665163665402,1465,1783583665163665402,,255
1783583665163665402,1465,1783583665163665402,,255
1783583665163665402,1465,1783583665163665402,,255
1783583665163665402,1465,1783583665163665402,,255
1783583665163665402,1465,1783583665163665402,,255
1783583665163665402,1465,1783583665163665402,,255
1783583665664260515,1466,1783583665664260515,,255
1783583665664260515,1466,1783583665664260515,,255
1783583665664260515,1466,1783583665664260515,,255
1783583665664260515,1466,1783583665664260515,,255
1783583665664260515,1466,1783583665664260515,,255
1783583665664260515,1466,1783583665664260515,,255
1783583665664260515,1466,1783583665664260515,,255
1783583665664260515,1466,1783583665664260515,,255
1783583665664260515,1466,1783583665664260515,,255
1783583665664260515,1466,1783583665664260515,,255
1783583666164240438,1467,1783583666164240438,,255
1783583666164240438,1467,1783583666164240438,,255
1783583666164240438,1467,1783583666164240438,,255
1783583666164240438,1467,1783583666164240438,,255
1783583666164240438,1467,1783583666164240438,,255
1783583666164240438,1467,1783583666164240438,,255
1783583666164240438,1467,1783583666164240438,,255
1783583666164240438,1467,1783583666164240438,,255
1783583666164240438,1467,1783583666164240438,,255
1783583666164240438,1467,1783583666164240438,,255
1783583666664114151,1468,1783583666664114151,,255
1783583666664114151,1468,1783583666664114151,,255
1783583666664114151,1468,1783583666664114151,,255
1783583666664114151,1468,1783583666664114151,,255
1783583666664114151,1468,1783583666664114151,,255
1783583666664114151,1468,1783583666664114151,,255
1783583666664114151,1468,1783583666664114151,,255
1783583666664114151,1468,1783583666664114151,,255
1783583666664114151,1468,1783583666664114151,,255
1783583666664114151,1468,1783583666664114151,,255
1783583667164074485,1469,1783583667164074485,,255
1783583667164074485,1469,1783583667164074485,,255
1783583667164074485,1469,1783583667164074485,,255
1783583667164074485,1469,1783583667164074485,,255
1783583667164074485,1469,1783583667164074485,,255
1783583667164074485,1469,1783583667164074485,,255
1783583667164074485,1469,1783583667164074485,,255
1783583667164074485,1469,1783583667164074485,,255
1783583667164074485,1469,1783583667164074485,,255
1783583667164074485,1469,1783583667164074485,,255
1783583667664188021,1470,1783583667664188021,,255
1783583667664188021,1470,1783583667664188021,,255
1783583667664188021,1470,1783583667664188021,,255
1783583667664188021,1470,1783583667664188021,,255
1783583667664188021,1470,1783583667664188021,,255
1783583667664188021,1470,1783583667664188021,,255
1783583667664188021,1470,1783583667664188021,,255
1783583667664188021,1470,1783583667664188021,,255
1783583667664188021,1470,1783583667664188021,,255
1783583667664188021,1470,1783583667664188021,,255
1783583668164180362,1471,1783583668164180362,,255
1783583668164180362,1471,1783583668164180362,,255
1783583668164180362,1471,1783583668164180362,,255
1783583668164180362,1471,1783583668164180362,,255
1783583668164180362,1471,1783583668164180362,,255
1783583668164180362,1471,1783583668164180362,,255
1783583668164180362,1471,1783583668164180362,,255
1783583668164180362,1471,1783583668164180362,,255
1783583668164180362,1471,1783583668164180362,,255
1783583668164180362,1471,1783583668164180362,,255
1783583668664166657,1472,1783583668664166657,,255
1783583668664166657,1472,1783583668664166657,,255
1783583668664166657,1472,1783583668664166657,,255
1783583668664166657,1472,1783583668664166657,,255
1783583668664166657,1472,1783583668664166657,,255
1783583668664166657,1472,1783583668664166657,,255
1783583668664166657,1472,1783583668664166657,,255
1783583668664166657,1472,1783583668664166657,,255
1783583668664166657,1472,1783583668664166657,,255
1783583668664166657,1472,1783583668664166657,,255
1783583669164164294,1473,1783583669164164294,,255
1783583669164164294,1473,1783583669164164294,,255
1783583669164164294,1473,1783583669164164294,,255
1783583669164164294,1473,1783583669164164294,,255
1783583669164164294,1473,1783583669164164294,,255
1783583669164164294,1473,1783583669164164294,,255
1783583669164164294,1473,1783583669164164294,,255
1783583669164164294,1473,1783583669164164294,,255
1783583669164164294,1473,1783583669164164294,,255
1783583669164164294,1473,1783583669164164294,,255
1783583669664175774,1474,1783583669664175774,,255
1783583669664175774,1474,1783583669664175774,,255
1783583669664175774,1474,1783583669664175774,,255
1783583669664175774,1474,1783583669664175774,,255
1783583669664175774,1474,1783583669664175774,,255
1783583669664175774,1474,1783583669664175774,,255
1783583669664175774,1474,1783583669664175774,,255
1783583669664175774,1474,1783583669664175774,,255
1783583669664175774,1474,1783583669664175774,,255
1783583669664175774,1474,1783583669664175774,,255
1783583670164119188,1475,1783583670164119188,,255
1783583670164119188,1475,1783583670164119188,,255
1783583670164119188,1475,1783583670164119188,,255
1783583670164119188,1475,1783583670164119188,,255
1783583670164119188,1475,1783583670164119188,,255
1783583670164119188,1475,1783583670164119188,,255
1783583670164119188,1475,1783583670164119188,,255
1783583670164119188,1475,1783583670164119188,,255
1783583670164119188,1475,1783583670164119188,,255
1783583670164119188,1475,1783583670164119188,,255
1783583670664134179,1476,1783583670664134179,,255
1783583670664134179,1476,1783583670664134179,,255
1783583670664134179,1476,1783583670664134179,,255
1783583670664134179,1476,1783583670664134179,,255
1783583670664134179,1476,1783583670664134179,,255
1783583670664134179,1476,1783583670664134179,,255
1783583670664134179,1476,1783583670664134179,,255
1783583670664134179,1476,1783583670664134179,,255
1783583670664134179,1476,1783583670664134179,,255
1783583670664134179,1476,1783583670664134179,,255
1783583671164078025,1477,1783583671164078025,,255
1783583671164078025,1477,1783583671164078025,,255
1783583671164078025,1477,1783583671164078025,,255
1783583671164078025,1477,1783583671164078025,,255
1783583671164078025,1477,1783583671164078025,,255
1783583671164078025,1477,1783583671164078025,,255
1783583671164078025,1477,1783583671164078025,,255
1783583671164078025,1477,1783583671164078025,,255
1783583671164078025,1477,1783583671164078025,,255
1783583671164078025,1477,1783583671164078025,,255
1783583671664244113,1478,1783583671664244113,,255
1783583671664244113,1478,1783583671664244113,,255
1783583671664244113,1478,1783583671664244113,,255
1783583671664244113,1478,1783583671664244113,,255
1783583671664244113,1478,1783583671664244113,,255
1783583671664244113,1478,1783583671664244113,,255
1783583671664244113,1478,1783583671664244113,,255
1783583671664244113,1478,1783583671664244113,,255
1783583671664244113,1478,1783583671664244113,,255
1783583671664244113,1478,1783583671664244113,,255
1783583672164098058,1479,1783583672164098058,,255
1783583672164098058,1479,1783583672164098058,,255
1783583672164098058,1479,1783583672164098058,,255
1783583672164098058,1479,1783583672164098058,,255
1783583672164098058,1479,1783583672164098058,,255
1783583672164098058,1479,1783583672164098058,,255
1783583672164098058,1479,1783583672164098058,,255
1783583672164098058,1479,1783583672164098058,,255
1783583672164098058,1479,1783583672164098058,,255
1783583672164098058,1479,1783583672164098058,,255
1783583672664083570,1480,1783583672664083570,,255
1783583672664083570,1480,1783583672664083570,,255
1783583672664083570,1480,1783583672664083570,,255
1783583672664083570,1480,1783583672664083570,,255
1783583672664083570,1480,1783583672664083570,,255
1783583672664083570,1480,1783583672664083570,,255
1783583672664083570,1480,1783583672664083570,,255
1783583672664083570,1480,1783583672664083570,,255
1783583672664083570,1480,1783583672664083570,,255
1783583672664083570,1480,1783583672664083570,,255
1783583673164125021,1481,1783583673164125021,,255
1783583673164125021,1481,1783583673164125021,,255
1783583673164125021,1481,1783583673164125021,,255
1783583673164125021,1481,1783583673164125021,,255
1783583673164125021,1481,1783583673164125021,,255
1783583673164125021,1481,1783583673164125021,,255
1783583673164125021,1481,1783583673164125021,,255
1783583673164125021,1481,1783583673164125021,,255
1783583673164125021,1481,1783583673164125021,,255
1783583673164125021,1481,1783583673164125021,,255
1783583673664187341,1482,1783583673664187341,,255
1783583673664187341,1482,1783583673664187341,,255
1783583673664187341,1482,1783583673664187341,,255
1783583673664187341,1482,1783583673664187341,,255
1783583673664187341,1482,1783583673664187341,,255
1783583673664187341,1482,1783583673664187341,,255
1783583673664187341,1482,1783583673664187341,,255
1783583673664187341,1482,1783583673664187341,,255
1783583673664187341,1482,1783583673664187341,,255
1783583673664187341,1482,1783583673664187341,,255
1783583674164062646,1483,1783583674164062646,,255
1783583674164062646,1483,1783583674164062646,,255
1783583674164062646,1483,1783583674164062646,,255
1783583674164062646,1483,1783583674164062646,,255
1783583674164062646,1483,1783583674164062646,,255
1783583674164062646,1483,1783583674164062646,,255
1783583674164062646,1483,1783583674164062646,,255
1783583674164062646,1483,1783583674164062646,,255
1783583674164062646,1483,1783583674164062646,,255
1783583674164062646,1483,1783583674164062646,,255
1783583674664160776,1484,1783583674664160776,,255
1783583674664160776,1484,1783583674664160776,,255
1783583674664160776,1484,1783583674664160776,,255
1783583674664160776,1484,1783583674664160776,,255
1783583674664160776,1484,1783583674664160776,,255
1783583674664160776,1484,1783583674664160776,,255
1783583674664160776,1484,1783583674664160776,,255
1783583674664160776,1484,1783583674664160776,,255
1783583674664160776,1484,1783583674664160776,,255
1783583674664160776,1484,1783583674664160776,,255
1783583675164132656,1485,1783583675164132656,,255
1783583675164132656,1485,1783583675164132656,,255
1783583675164132656,1485,1783583675164132656,,255
1783583675164132656,1485,1783583675164132656,,255
1783583675164132656,1485,1783583675164132656,,255
1783583675164132656,1485,1783583675164132656,,255
1783583675164132656,1485,1783583675164132656,,255
1783583675164132656,1485,1783583675164132656,,255
1783583675164132656,1485,1783583675164132656,,255
1783583675164132656,1485,1783583675164132656,,255
1783583675664297436,1486,1783583675664297436,,255
1783583675664297436,1486,1783583675664297436,,255
1783583675664297436,1486,1783583675664297436,,255
1783583675664297436,1486,1783583675664297436,,255
1783583675664297436,1486,1783583675664297436,,255
1783583675664297436,1486,1783583675664297436,,255
1783583675664297436,1486,1783583675664297436,,255
1783583675664297436,1486,1783583675664297436,,255
1783583675664297436,1486,1783583675664297436,,255
1783583675664297436,1486,1783583675664297436,,255
1783583676164199935,1487,1783583676164199935,,255
1783583676164199935,1487,1783583676164199935,,255
1783583676164199935,1487,1783583676164199935,,255
1783583676164199935,1487,1783583676164199935,,255
1783583676164199935,1487,1783583676164199935,,255
1783583676164199935,1487,1783583676164199935,,255
1783583676164199935,1487,1783583676164199935,,255
1783583676164199935,1487,1783583676164199935,,255
1783583676164199935,1487,1783583676164199935,,255
1783583676164199935,1487,1783583676164199935,,255
1783583676664324463,1488,1783583676664324463,,255
1783583676664324463,1488,1783583676664324463,,255
1783583676664324463,1488,1783583676664324463,,255
1783583676664324463,1488,1783583676664324463,,255
1783583676664324463,1488,1783583676664324463,,255
1783583676664324463,1488,1783583676664324463,,255
1783583676664324463,1488,1783583676664324463,,255
1783583676664324463,1488,1783583676664324463,,255
1783583676664324463,1488,1783583676664324463,,255
1783583676664324463,1488,1783583676664324463,,255
1783583677164219018,1489,1783583677164219018,,255
1783583677164219018,1489,1783583677164219018,,255
1783583677164219018,1489,1783583677164219018,,255
1783583677164219018,1489,1783583677164219018,,255
1783583677164219018,1489,1783583677164219018,,255
1783583677164219018,1489,1783583677164219018,,255
1783583677164219018,1489,1783583677164219018,,255
1783583677164219018,1489,1783583677164219018,,255
1783583677164219018,1489,1783583677164219018,,255
1783583677164219018,1489,1783583677164219018,,255
1783583677664311525,1490,1783583677664311525,,255
1783583677664311525,1490,1783583677664311525,,255
1783583677664311525,1490,1783583677664311525,,255
1783583677664311525,1490,1783583677664311525,,255
1783583677664311525,1490,1783583677664311525,,255
1783583677664311525,1490,1783583677664311525,,255
1783583677664311525,1490,1783583677664311525,,255
1783583677664311525,1490,1783583677664311525,,255
1783583677664311525,1490,1783583677664311525,,255
1783583677664311525,1490,1783583677664311525,,255
1783583678164169819,1491,1783583678164169819,,255
1783583678164169819,1491,1783583678164169819,,255
1783583678164169819,1491,1783583678164169819,,255
1783583678164169819,1491,1783583678164169819,,255
1783583678164169819,1491,1783583678164169819,,255
1783583678164169819,1491,1783583678164169819,,255
1783583678164169819,1491,1783583678164169819,,255
1783583678164169819,1491,1783583678164169819,,255
1783583678164169819,1491,1783583678164169819,,255
1783583678164169819,1491,1783583678164169819,,255
1783583678664237228,1492,1783583678664237228,,255
1783583678664237228,1492,1783583678664237228,,255
1783583678664237228,1492,1783583678664237228,,255
1783583678664237228,1492,1783583678664237228,,255
1783583678664237228,1492,1783583678664237228,,255
1783583678664237228,1492,1783583678664237228,,255
1783583678664237228,1492,1783583678664237228,,255
1783583678664237228,1492,1783583678664237228,,255
1783583678664237228,1492,1783583678664237228,,255
1783583678664237228,1492,1783583678664237228,,255
1783583679163975884,1493,1783583679163975884,,255
1783583679163975884,1493,1783583679163975884,,255
1783583679163975884,1493,1783583679163975884,,255
1783583679163975884,1493,1783583679163975884,,255
1783583679163975884,1493,1783583679163975884,,255
1783583679163975884,1493,1783583679163975884,,255
1783583679163975884,1493,1783583679163975884,,255
1783583679163975884,1493,1783583679163975884,,255
1783583679163975884,1493,1783583679163975884,,255
1783583679163975884,1493,1783583679163975884,,255
1783583679664241122,1494,1783583679664241122,,255
1783583679664241122,1494,1783583679664241122,,255
1783583679664241122,1494,1783583679664241122,,255
1783583679664241122,1494,1783583679664241122,,255
1783583679664241122,1494,1783583679664241122,,255
1783583679664241122,1494,1783583679664241122,,255
1783583679664241122,1494,1783583679664241122,,255
1783583679664241122,1494,1783583679664241122,,255
1783583679664241122,1494,1783583679664241122,,255
1783583679664241122,1494,1783583679664241122,,255
1783583680164119269,1495,1783583680164119269,,255
1783583680164119269,1495,1783583680164119269,,255
1783583680164119269,1495,1783583680164119269,,255
1783583680164119269,1495,1783583680164119269,,255
1783583680164119269,1495,1783583680164119269,,255
1783583680164119269,1495,1783583680164119269,,255
1783583680164119269,1495,1783583680164119269,,255
1783583680164119269,1495,1783583680164119269,,255
1783583680164119269,1495,1783583680164119269,,255
1783583680164119269,1495,1783583680164119269,,255
1783583680664279005,1496,1783583680664279005,,255
1783583680664279005,1496,1783583680664279005,,255
1783583680664279005,1496,1783583680664279005,,255
1783583680664279005,1496,1783583680664279005,,255
1783583680664279005,1496,1783583680664279005,,255
1783583680664279005,1496,1783583680664279005,,255
1783583680664279005,1496,1783583680664279005,,255
1783583680664279005,1496,1783583680664279005,,255
1783583680664279005,1496,1783583680664279005,,255
1783583680664279005,1496,1783583680664279005,,255
1783583681164851502,1497,1783583681164851502,,255
1783583681164851502,1497,1783583681164851502,,255
1783583681164851502,1497,1783583681164851502,,255
1783583681164851502,1497,1783583681164851502,,255
1783583681164851502,1497,1783583681164851502,,255
1783583681164851502,1497,1783583681164851502,,255
1783583681164851502,1497,1783583681164851502,,255
1783583681164851502,1497,1783583681164851502,,255
1783583681164851502,1497,1783583681164851502,,255
1783583681164851502,1497,1783583681164851502,,255
1783583681665106800,1498,1783583681665106800,,255
1783583681665106800,1498,1783583681665106800,,255
1783583681665106800,1498,1783583681665106800,,255
1783583681665106800,1498,1783583681665106800,,255
1783583681665106800,1498,1783583681665106800,,255
1783583681665106800,1498,1783583681665106800,,255
1783583681665106800,1498,1783583681665106800,,255
1783583681665106800,1498,1783583681665106800,,255
1783583681665106800,1498,1783583681665106800,,255
1783583681665106800,1498,1783583681665106800,,255
1783583682164998415,1499,1783583682164998415,,255
1783583682164998415,1499,1783583682164998415,,255
1783583682164998415,1499,1783583682164998415,,255
1783583682164998415,1499,1783583682164998415,,255
1783583682164998415,1499,1783583682164998415,,255
1783583682164998415,1499,1783583682164998415,,255
1783583682164998415,1499,1783583682164998415,,255
1783583682164998415,1499,1783583682164998415,,255
1783583682164998415,1499,1783583682164998415,,255
1783583682164998415,1499,1783583682164998415,,255
1783583682665118330,1500,1783583682665118330,,255
1783583682665118330,1500,1783583682665118330,,255
1783583682665118330,1500,1783583682665118330,,255
1783583682665118330,1500,1783583682665118330,,255
1783583682665118330,1500,1783583682665118330,,255
1783583682665118330,1500,1783583682665118330,,255
1783583682665118330,1500,1783583682665118330,,255
1783583682665118330,1500,1783583682665118330,,255
1783583682665118330,1500,1783583682665118330,,255
1783583682665118330,1500,1783583682665118330,,255
1783583683164919325,1501,1783583683164919325,,255
1783583683164919325,1501,1783583683164919325,,255
1783583683164919325,1501,1783583683164919325,,255
1783583683164919325,1501,1783583683164919325,,255
1783583683164919325,1501,1783583683164919325,,255
1783583683164919325,1501,1783583683164919325,,255
1783583683164919325,1501,1783583683164919325,,255
1783583683164919325,1501,1783583683164919325,,255
1783583683164919325,1501,1783583683164919325,,255
1783583683164919325,1501,1783583683164919325,,255
1783583683664920641,1502,1783583683664920641,,255
1783583683664920641,1502,1783583683664920641,,255
1783583683664920641,1502,1783583683664920641,,255
1783583683664920641,1502,1783583683664920641,,255
1783583683664920641,1502,1783583683664920641,,255
1783583683664920641,1502,1783583683664920641,,255
1783583683664920641,1502,1783583683664920641,,255
1783583683664920641,1502,1783583683664920641,,255
1783583683664920641,1502,1783583683664920641,,255
1783583683664920641,1502,1783583683664920641,,255
1783583684164977287,1503,1783583684164977287,,255
1783583684164977287,1503,1783583684164977287,,255
1783583684164977287,1503,1783583684164977287,,255
1783583684164977287,1503,1783583684164977287,,255
1783583684164977287,1503,1783583684164977287,,255
1783583684164977287,1503,1783583684164977287,,255
1783583684164977287,1503,1783583684164977287,,255
1783583684164977287,1503,1783583684164977287,,255
1783583684164977287,1503,1783583684164977287,,255
1783583684164977287,1503,1783583684164977287,,255
1783583684665127432,1504,1783583684665127432,,255
1783583684665127432,1504,1783583684665127432,,255
1783583684665127432,1504,1783583684665127432,,255
1783583684665127432,1504,1783583684665127432,,255
1783583684665127432,1504,1783583684665127432,,255
1783583684665127432,1504,1783583684665127432,,255
1783583684665127432,1504,1783583684665127432,,255
1783583684665127432,1504,1783583684665127432,,255
1783583684665127432,1504,1783583684665127432,,255
1783583684665127432,1504,1783583684665127432,,255
1783583685165022290,1505,1783583685165022290,,255
1783583685165022290,1505,1783583685165022290,,255
1783583685165022290,1505,1783583685165022290,,255
1783583685165022290,1505,1783583685165022290,,255
1783583685165022290,1505,1783583685165022290,,255
1783583685165022290,1505,1783583685165022290,,255
1783583685165022290,1505,1783583685165022290,,255
1783583685165022290,1505,1783583685165022290,,255
1783583685165022290,1505,1783583685165022290,,255
1783583685165022290,1505,1783583685165022290,,255
1783583685665085294,1506,1783583685665085294,,255
1783583685665085294,1506,1783583685665085294,,255
1783583685665085294,1506,1783583685665085294,,255
1783583685665085294,1506,1783583685665085294,,255
1783583685665085294,1506,1783583685665085294,,255
1783583685665085294,1506,1783583685665085294,,255
1783583685665085294,1506,1783583685665085294,,255
1783583685665085294,1506,1783583685665085294,,255
1783583685665085294,1506,1783583685665085294,,255
1783583685665085294,1506,1783583685665085294,,255
1783583686165038398,1507,1783583686165038398,,255
1783583686165038398,1507,1783583686165038398,,255
1783583686165038398,1507,1783583686165038398,,255
1783583686165038398,1507,1783583686165038398,,255
1783583686165038398,1507,1783583686165038398,,255
1783583686165038398,1507,1783583686165038398,,255
1783583686165038398,1507,1783583686165038398,,255
1783583686165038398,1507,1783583686165038398,,255
1783583686165038398,1507,1783583686165038398,,255
1783583686165038398,1507,1783583686165038398,,255
1783583686665024329,1508,1783583686665024329,,255
1783583686665024329,1508,1783583686665024329,,255
1783583686665024329,1508,1783583686665024329,,255
1783583686665024329,1508,1783583686665024329,,255
1783583686665024329,1508,1783583686665024329,,255
1783583686665024329,1508,1783583686665024329,,255
1783583686665024329,1508,1783583686665024329,,255
1783583686665024329,1508,1783583686665024329,,255
1783583686665024329,1508,1783583686665024329,,255
1783583686665024329,1508,1783583686665024329,,255
1783583687165048783,1509,1783583687165048783,,255
1783583687165048783,1509,1783583687165048783,,255
1783583687165048783,1509,1783583687165048783,,255
1783583687165048783,1509,1783583687165048783,,255
1783583687165048783,1509,1783583687165048783,,255
1783583687165048783,1509,1783583687165048783,,255
1783583687165048783,1509,1783583687165048783,,255
1783583687165048783,1509,1783583687165048783,,255
1783583687165048783,1509,1783583687165048783,,255
1783583687165048783,1509,1783583687165048783,,255
1783583687664973299,1510,1783583687664973299,,255
1783583687664973299,1510,1783583687664973299,,255
1783583687664973299,1510,1783583687664973299,,255
1783583687664973299,1510,1783583687664973299,,255
1783583687664973299,1510,1783583687664973299,,255
1783583687664973299,1510,1783583687664973299,,255
1783583687664973299,1510,1783583687664973299,,255
1783583687664973299,1510,1783583687664973299,,255
1783583687664973299,1510,1783583687664973299,,255
1783583687664973299,1510,1783583687664973299,,255
1783583688165133837,1511,1783583688165133837,,255
1783583688165133837,1511,1783583688165133837,,255
1783583688165133837,1511,1783583688165133837,,255
1783583688165133837,1511,1783583688165133837,,255
1783583688165133837,1511,1783583688165133837,,255
1783583688165133837,1511,1783583688165133837,,255
1783583688165133837,1511,1783583688165133837,,255
1783583688165133837,1511,1783583688165133837,,255
1783583688165133837,1511,1783583688165133837,,255
1783583688165133837,1511,1783583688165133837,,255
1783583688665035858,1512,1783583688665035858,,255
1783583688665035858,1512,1783583688665035858,,255
1783583688665035858,1512,1783583688665035858,,255
1783583688665035858,1512,1783583688665035858,,255
1783583688665035858,1512,1783583688665035858,,255
1783583688665035858,1512,1783583688665035858,,255
1783583688665035858,1512,1783583688665035858,,255
1783583688665035858,1512,1783583688665035858,,255
1783583688665035858,1512,1783583688665035858,,255
1783583688665035858,1512,1783583688665035858,,255
1783583689164943075,1513,1783583689164943075,,255
1783583689164943075,1513,1783583689164943075,,255
1783583689164943075,1513,1783583689164943075,,255
1783583689164943075,1513,1783583689164943075,,255
1783583689164943075,1513,1783583689164943075,,255
1783583689164943075,1513,1783583689164943075,,255
1783583689164943075,1513,1783583689164943075,,255
1783583689164943075,1513,1783583689164943075,,255
1783583689164943075,1513,1783583689164943075,,255
1783583689164943075,1513,1783583689164943075,,255
1783583689665165612,1514,1783583689665165612,,255
1783583689665165612,1514,1783583689665165612,,255
1783583689665165612,1514,1783583689665165612,,255
1783583689665165612,1514,1783583689665165612,,255
1783583689665165612,1514,1783583689665165612,,255
1783583689665165612,1514,1783583689665165612,,255
1783583689665165612,1514,1783583689665165612,,255
1783583689665165612,1514,1783583689665165612,,255
1783583689665165612,1514,1783583689665165612,,255
1783583689665165612,1514,1783583689665165612,,255
1783583690164976992,1515,1783583690164976992,,255
1783583690164976992,1515,1783583690164976992,,255
1783583690164976992,1515,1783583690164976992,,255
1783583690164976992,1515,1783583690164976992,,255
1783583690164976992,1515,1783583690164976992,,255
1783583690164976992,1515,1783583690164976992,,255
1783583690164976992,1515,1783583690164976992,,255
1783583690164976992,1515,1783583690164976992,,255
1783583690164976992,1515,1783583690164976992,,255
1783583690164976992,1515,1783583690164976992,,255
1783583690665096184,1516,1783583690665096184,,255
1783583690665096184,1516,1783583690665096184,,255
1783583690665096184,1516,1783583690665096184,,255
1783583690665096184,1516,1783583690665096184,,255
1783583690665096184,1516,1783583690665096184,,255
1783583690665096184,1516,1783583690665096184,,255
1783583690665096184,1516,1783583690665096184,,255
1783583690665096184,1516,1783583690665096184,,255
1783583690665096184,1516,1783583690665096184,,255
1783583690665096184,1516,1783583690665096184,,255
1783583691164982783,1517,1783583691164982783,,255
1783583691164982783,1517,1783583691164982783,,255
1783583691164982783,1517,1783583691164982783,,255
1783583691164982783,1517,1783583691164982783,,255
1783583691164982783,1517,1783583691164982783,,255
1783583691164982783,1517,1783583691164982783,,255
1783583691164982783,1517,1783583691164982783,,255
1783583691164982783,1517,1783583691164982783,,255
1783583691164982783,1517,1783583691164982783,,255
1783583691164982783,1517,1783583691164982783,,255
1783583691665093606,1518,1783583691665093606,,255
1783583691665093606,1518,1783583691665093606,,255
1783583691665093606,1518,1783583691665093606,,255
1783583691665093606,1518,1783583691665093606,,255
1783583691665093606,1518,1783583691665093606,,255
1783583691665093606,1518,1783583691665093606,,255
1783583691665093606,1518,1783583691665093606,,255
1783583691665093606,1518,1783583691665093606,,255
1783583691665093606,1518,1783583691665093606,,255
1783583691665093606,1518,1783583691665093606,,255
1783583692165018323,1519,1783583692165018323,,255
1783583692165018323,1519,1783583692165018323,,255
1783583692165018323,1519,1783583692165018323,,255
1783583692165018323,1519,1783583692165018323,,255
1783583692165018323,1519,1783583692165018323,,255
1783583692165018323,1519,1783583692165018323,,255
1783583692165018323,1519,1783583692165018323,,255
1783583692165018323,1519,1783583692165018323,,255
1783583692165018323,1519,1783583692165018323,,255
1783583692165018323,1519,1783583692165018323,,255
1783583692664993049,1520,1783583692664993049,,255
1783583692664993049,1520,1783583692664993049,,255
1783583692664993049,1520,1783583692664993049,,255
1783583692664993049,1520,1783583692664993049,,255
1783583692664993049,1520,1783583692664993049,,255
1783583692664993049,1520,1783583692664993049,,255
1783583692664993049,1520,1783583692664993049,,255
1783583692664993049,1520,1783583692664993049,,255
1783583692664993049,1520,1783583692664993049,,255
1783583692664993049,1520,1783583692664993049,,255
1783583693165004552,1521,1783583693165004552,,255
1783583693165004552,1521,1783583693165004552,,255
1783583693165004552,1521,1783583693165004552,,255
1783583693165004552,1521,1783583693165004552,,255
1783583693165004552,1521,1783583693165004552,,255
1783583693165004552,1521,1783583693165004552,,255
1783583693165004552,1521,1783583693165004552,,255
1783583693165004552,1521,1783583693165004552,,255
1783583693165004552,1521,1783583693165004552,,255
1783583693165004552,1521,1783583693165004552,,255
1783583693665116268,1522,1783583693665116268,,255
1783583693665116268,1522,1783583693665116268,,255
1783583693665116268,1522,1783583693665116268,,255
1783583693665116268,1522,1783583693665116268,,255
1783583693665116268,1522,1783583693665116268,,255
1783583693665116268,1522,1783583693665116268,,255
1783583693665116268,1522,1783583693665116268,,255
1783583693665116268,1522,1783583693665116268,,255
1783583693665116268,1522,1783583693665116268,,255
1783583693665116268,1522,1783583693665116268,,255
1783583694165014943,1523,1783583694165014943,,255
1783583694165014943,1523,1783583694165014943,,255
1783583694165014943,1523,1783583694165014943,,255
1783583694165014943,1523,1783583694165014943,,255
1783583694165014943,1523,1783583694165014943,,255
